{
  "host": "llm2",
  "kv": "q8_0",
  "reps": 3,
  "p": "512,4096",
  "n": "128",
  "batch": 2048,
  "ubatch": 2048,
  "vulkan_int_dot": "off",
  "backends": [
    "vulkan",
    "rocm"
  ],
  "models": [
    {
      "label": "Qwen3-Coder-30B Q4_K_XL",
      "hf_file": "Qwen3-Coder-30B-A3B-Instruct-UD-Q4_K_XL.gguf",
      "batch": 2048,
      "ubatch": 2048,
      "byBackend": {
        "vulkan": {
          "pp512": {
            "avg": 2247.632174,
            "sd": 18.236218
          },
          "pp4096": {
            "avg": 2415.23964,
            "sd": 3.496605
          },
          "tg128": {
            "avg": 150.857269,
            "sd": 0.052358
          }
        },
        "rocm": {
          "pp512": {
            "avg": 1643.672978,
            "sd": 31.556282
          },
          "pp4096": {
            "avg": 862.201441,
            "sd": 3.27811
          },
          "tg128": {
            "avg": 87.695834,
            "sd": 0.253432
          }
        }
      }
    },
    {
      "label": "Qwen3-30B-2507 Q4_K_XL",
      "hf_file": "Qwen3-30B-A3B-Instruct-2507-UD-Q4_K_XL.gguf",
      "batch": 2048,
      "ubatch": 2048,
      "byBackend": {
        "vulkan": {
          "pp512": {
            "avg": 2310.434863,
            "sd": 47.018148
          },
          "pp4096": {
            "avg": 2424.691727,
            "sd": 1.975135
          },
          "tg128": {
            "avg": 150.850303,
            "sd": 0.08608
          }
        },
        "rocm": {
          "pp512": {
            "avg": 1677.024337,
            "sd": 25.796978
          },
          "pp4096": {
            "avg": 861.341106,
            "sd": 1.776599
          },
          "tg128": {
            "avg": 87.996539,
            "sd": 0.28982
          }
        }
      }
    },
    {
      "label": "Qwen3-30B-2507 IQ4_XS",
      "hf_file": "Qwen3-30B-A3B-Instruct-2507-IQ4_XS.gguf",
      "batch": 2048,
      "ubatch": 2048,
      "byBackend": {
        "vulkan": {
          "pp512": {
            "avg": 2215.743589,
            "sd": 26.136675
          },
          "pp4096": {
            "avg": 2342.36798,
            "sd": 3.477661
          },
          "tg128": {
            "avg": 132.017356,
            "sd": 0.022378
          }
        },
        "rocm": {
          "pp512": {
            "avg": 1813.384522,
            "sd": 36.646129
          },
          "pp4096": {
            "avg": 878.497392,
            "sd": 2.300504
          },
          "tg128": {
            "avg": 113.741879,
            "sd": 0.444286
          }
        }
      }
    },
    {
      "label": "Qwen3-14B Q5_K_M",
      "hf_file": "Qwen3-14B-Q5_K_M.gguf",
      "batch": 2048,
      "ubatch": 2048,
      "byBackend": {
        "vulkan": {
          "pp512": {
            "avg": 1198.064089,
            "sd": 3.258008
          },
          "pp4096": {
            "avg": 1075.709678,
            "sd": 1.06632
          },
          "tg128": {
            "avg": 61.124482,
            "sd": 0.014841
          }
        },
        "rocm": {
          "pp512": {
            "avg": 1206.116873,
            "sd": 22.987257
          },
          "pp4096": {
            "avg": 650.636387,
            "sd": 0.967998
          },
          "tg128": {
            "avg": 51.970222,
            "sd": 0.03065
          }
        }
      }
    },
    {
      "label": "Qwen3.5-9B Q5_K_M",
      "hf_file": "Qwen3.5-9B-Q5_K_M.gguf",
      "batch": 2048,
      "ubatch": 2048,
      "byBackend": {
        "vulkan": {
          "pp512": {
            "avg": 1995.642708,
            "sd": 33.234255
          },
          "pp4096": {
            "avg": 2040.529441,
            "sd": 1.065157
          },
          "tg128": {
            "avg": 86.401314,
            "sd": 0.095257
          }
        },
        "rocm": {
          "pp512": {
            "avg": 2306.638879,
            "sd": 76.219842
          },
          "pp4096": {
            "avg": 1957.167898,
            "sd": 3.510484
          },
          "tg128": {
            "avg": 73.756414,
            "sd": 0.104961
          }
        }
      }
    },
    {
      "label": "Qwen3.6-35B IQ4_XS",
      "hf_file": "Qwen3.6-35B-A3B-UD-IQ4_XS.gguf",
      "batch": 2048,
      "ubatch": 2048,
      "byBackend": {
        "vulkan": {
          "pp512": {
            "avg": 2192.925102,
            "sd": 10.747169
          },
          "pp4096": {
            "avg": 2825.847286,
            "sd": 10.744282
          },
          "tg128": {
            "avg": 53.195754,
            "sd": 0.016484
          }
        },
        "rocm": {
          "pp512": {
            "avg": 2273.082348,
            "sd": 22.458904
          },
          "pp4096": {
            "avg": 2150.353187,
            "sd": 2.862829
          },
          "tg128": {
            "avg": 85.020137,
            "sd": 0.581835
          }
        }
      }
    },
    {
      "label": "Gemma4-E4B Q8_0",
      "hf_file": "gemma-4-E4B-it-Q8_0.gguf",
      "batch": 2048,
      "ubatch": 2048,
      "byBackend": {
        "vulkan": {
          "pp512": {
            "avg": 3538.052467,
            "sd": 29.161688
          },
          "pp4096": {
            "avg": 3512.119107,
            "sd": 4.20464
          },
          "tg128": {
            "avg": 90.047169,
            "sd": 0.057804
          }
        },
        "rocm": {
          "pp512": {
            "avg": 3301.338436,
            "sd": 258.731821
          },
          "pp4096": {
            "avg": 2234.850197,
            "sd": 8.174431
          },
          "tg128": {
            "avg": 68.168133,
            "sd": 0.12889
          }
        }
      }
    },
    {
      "label": "Gemma4-E4B Q5_K_M",
      "hf_file": "gemma-4-E4B-it-Q5_K_M.gguf",
      "batch": 2048,
      "ubatch": 2048,
      "byBackend": {
        "vulkan": {
          "pp512": {
            "avg": 3353.742813,
            "sd": 50.545073
          },
          "pp4096": {
            "avg": 3354.583363,
            "sd": 1.602307
          },
          "tg128": {
            "avg": 109.771236,
            "sd": 0.071721
          }
        },
        "rocm": {
          "pp512": {
            "avg": 2994.011118,
            "sd": 186.400736
          },
          "pp4096": {
            "avg": 2096.182818,
            "sd": 10.490533
          },
          "tg128": {
            "avg": 83.782133,
            "sd": 0.202597
          }
        }
      }
    },
    {
      "label": "Gemma4-26B Q4_K_M",
      "hf_file": "gemma-4-26B-A4B-it-UD-Q4_K_M.gguf",
      "batch": 2048,
      "ubatch": 2048,
      "byBackend": {
        "vulkan": {
          "pp512": {
            "avg": 2359.546478,
            "sd": 17.011565
          },
          "pp4096": {
            "avg": 2736.365595,
            "sd": 2.544634
          },
          "tg128": {
            "avg": 104.826405,
            "sd": 0.281105
          }
        },
        "rocm": {
          "pp512": {
            "avg": 2124.365007,
            "sd": 14.745105
          },
          "pp4096": {
            "avg": 1382.752881,
            "sd": 0.687342
          },
          "tg128": {
            "avg": 70.203166,
            "sd": 0.163715
          }
        }
      }
    },
    {
      "label": "Gemma4-12B Q5_K_M",
      "hf_file": "gemma-4-12b-it-Q5_K_M.gguf",
      "batch": 2048,
      "ubatch": 2048,
      "byBackend": {
        "vulkan": {
          "pp512": {
            "avg": 1368.805457,
            "sd": 4.876741
          },
          "pp4096": {
            "avg": 1300.054599,
            "sd": 1.001023
          },
          "tg128": {
            "avg": 55.603305,
            "sd": 0.013606
          }
        },
        "rocm": {
          "pp512": {
            "avg": 1364.883739,
            "sd": 44.339933
          },
          "pp4096": {
            "avg": 760.974732,
            "sd": 1.652704
          },