{
  "host": "llm2",
  "kv": "q8_0",
  "reps": 3,
  "p": "512,4096",
  "n": "128",
  "vulkan_int_dot": "off",
  "backends": [
    "vulkan",
    "rocm"
  ],
  "models": [
    {
      "label": "Qwen3-Coder-30B Q4_K_XL",
      "hf_file": "Qwen3-Coder-30B-A3B-Instruct-UD-Q4_K_XL.gguf",
      "byBackend": {
        "vulkan": {
          "pp512": {
            "avg": 2276.47088,
            "sd": 22.174065
          },
          "pp4096": {
            "avg": 1877.943769,
            "sd": 8.082175
          },
          "tg128": {
            "avg": 150.931243,
            "sd": 0.148877
          }
        },
        "rocm": {
          "pp512": {
            "avg": 1657.616245,
            "sd": 25.633204
          },
          "pp4096": {
            "avg": 741.936288,
            "sd": 1.029803
          },
          "tg128": {
            "avg": 88.081832,
            "sd": 0.262175
          }
        }
      }
    },
    {
      "label": "Qwen3-30B-2507 Q4_K_XL",
      "hf_file": "Qwen3-30B-A3B-Instruct-2507-UD-Q4_K_XL.gguf",
      "byBackend": {
        "vulkan": {
          "pp512": {
            "avg": 2326.966718,
            "sd": 40.5256
          },
          "pp4096": {
            "avg": 1815.905965,
            "sd": 3.300936
          },
          "tg128": {
            "avg": 150.561641,
            "sd": 0.034524
          }
        },
        "rocm": {
          "pp512": {
            "avg": 1690.79621,
            "sd": 21.500266
          },
          "pp4096": {
            "avg": 740.874295,
            "sd": 5.554898
          },
          "tg128": {
            "avg": 87.785244,
            "sd": 0.316301
          }
        }
      }
    },
    {
      "label": "Qwen3-30B-2507 IQ4_XS",
      "hf_file": "Qwen3-30B-A3B-Instruct-2507-IQ4_XS.gguf",
      "byBackend": {
        "vulkan": {
          "pp512": {
            "avg": 2230.945159,
            "sd": 37.830827
          },
          "pp4096": {
            "avg": 1762.157047,
            "sd": 0.559048
          },
          "tg128": {
            "avg": 131.867332,
            "sd": 0.043477
          }
        },
        "rocm": {
          "pp512": {
            "avg": 1831.932055,
            "sd": 18.302795
          },
          "pp4096": {
            "avg": 765.912216,
            "sd": 2.650581
          },
          "tg128": {
            "avg": 113.195596,
            "sd": 0.424569
          }
        }
      }
    },
    {
      "label": "Qwen3-14B Q5_K_M",
      "hf_file": "Qwen3-14B-Q5_K_M.gguf",
      "byBackend": {
        "vulkan": {
          "pp512": {
            "avg": 1197.119087,
            "sd": 3.94543
          },
          "pp4096": {
            "avg": 1064.063399,
            "sd": 0.479789
          },
          "tg128": {
            "avg": 61.136974,
            "sd": 0.005097
          }
        },
        "rocm": {
          "pp512": {
            "avg": 1205.087089,
            "sd": 30.731316
          },
          "pp4096": {
            "avg": 605.480312,
            "sd": 1.421448
          },
          "tg128": {
            "avg": 51.844052,
            "sd": 0.026561
          }
        }
      }
    },
    {
      "label": "Qwen3.5-9B Q5_K_M",
      "hf_file": "Qwen3.5-9B-Q5_K_M.gguf",
      "byBackend": {
        "vulkan": {
          "pp512": {
            "avg": 1999.654751,
            "sd": 32.688415
          },
          "pp4096": {
            "avg": 1921.992356,
            "sd": 1.849493
          },
          "tg128": {
            "avg": 86.402882,
            "sd": 0.065365
          }
        },
        "rocm": {
          "pp512": {
            "avg": 2334.810755,
            "sd": 69.986504
          },
          "pp4096": {
            "avg": 1771.849029,
            "sd": 3.319555
          },
          "tg128": {
            "avg": 73.675556,
            "sd": 0.118521
          }
        }
      }
    },
    {
      "label": "Qwen3.6-35B IQ4_XS",
      "hf_file": "Qwen3.6-35B-A3B-UD-IQ4_XS.gguf",
      "byBackend": {
        "vulkan": {
          "pp512": {
            "avg": 2195.131484,
            "sd": 9.609361
          },
          "pp4096": {
            "avg": 2030.475704,
            "sd": 13.206459
          },
          "tg128": {
            "avg": 53.337767,
            "sd": 0.017422
          }
        },
        "rocm": {
          "pp512": {
            "avg": 2259.936736,
            "sd": 32.436226
          },
          "pp4096": {
            "avg": 1605.590104,
            "sd": 4.610016
          },
          "tg128": {
            "avg": 85.464144,
            "sd": 0.673941
          }
        }
      }
    },
    {
      "label": "Gemma4-E4B Q8_0",
      "hf_file": "gemma-4-E4B-it-Q8_0.gguf",
      "byBackend": {
        "vulkan": {
          "pp512": {
            "avg": 3517.954973,
            "sd": 23.173509
          },
          "pp4096": {
            "avg": 3282.069808,
            "sd": 4.11243
          },
          "tg128": {
            "avg": 90.148871,
            "sd": 0.020146
          }
        },
        "rocm": {
          "pp512": {
            "avg": 3292.061374,
            "sd": 220.343955
          },
          "pp4096": {
            "avg": 2681.681968,
            "sd": 37.41851
          },
          "tg128": {
            "avg": 68.465992,
            "sd": 0.12033
          }
        }
      }
    },
    {
      "label": "Gemma4-E4B Q5_K_M",
      "hf_file": "gemma-4-E4B-it-Q5_K_M.gguf",
      "byBackend": {
        "vulkan": {
          "pp512": {
            "avg": 3356.520016,
            "sd": 27.518234
          },
          "pp4096": {
            "avg": 3127.212573,
            "sd": 1.02635
          },
          "tg128": {
            "avg": 109.83444,
            "sd": 0.074273
          }
        },
        "rocm": {
          "pp512": {
            "avg": 3082.783778,
            "sd": 234.517045
          },
          "pp4096": {
            "avg": 2535.738231,
            "sd": 14.852187
          },
          "tg128": {
            "avg": 84.230622,
            "sd": 0.181641
          }
        }
      }
    },
    {
      "label": "Gemma4-26B Q4_K_M",
      "hf_file": "gemma-4-26B-A4B-it-UD-Q4_K_M.gguf",
      "byBackend": {
        "vulkan": {
          "pp512": {
            "avg": 2361.180955,
            "sd": 26.402434
          },
          "pp4096": {
            "avg": 2104.670473,
            "sd": 3.934248
          },
          "tg128": {
            "avg": 106.401663,
            "sd": 0.35463
          }
        },
        "rocm": {
          "pp512": {
            "avg": 2130.61112,
            "sd": 4.376401
          },
          "pp4096": {
            "avg": 1434.678137,
            "sd": 8.332063
          },
          "tg128": {
            "avg": 70.361516,
            "sd": 0.169301
          }
        }
      }
    },
    {
      "label": "Gemma4-12B Q5_K_M",
      "hf_file": "gemma-4-12b-it-Q5_K_M.gguf",
      "byBackend": {
        "vulkan": {
          "pp512": {
            "avg": 1368.089479,
            "sd": 2.865709
          },
          "pp4096": {
            "avg": 1249.544435,
            "sd": 1.723897
          },
          "tg128": {
            "avg": 55.624868,
            "sd": 0.009466
          }
        },
        "rocm": {
          "pp512": {
            "avg": 1369.845262,
            "sd": 38.474264
          },
          "pp4096": {
            "avg": 911.584909,
            "sd": 5.936168
          },
          "tg128": {
            "avg": 47.228373,
            "sd": 0.093184
          }
        }
      }
    },
    {
      "label": "Gemma4-12B QAT q4_0",
      "hf_file": "gemma-4-12b-it-qat-q4_0.gguf",
      "byBackend": {
        "vulkan": {
          "pp512": {
            "avg": 1502.139478,
            "sd": 5.58632
          },
          "pp4096": {
            "avg": 1360.723308,
            "sd": 0.309156
          },
          "tg128": {
            "avg": 61.961698,