{
  "host": "llm2",
  "backend": "rocm",
  "vulkan_int_dot": "n/a",
  "reps": 2,
  "p": "512",
  "n": "128",
  "depth": "0,16384",
  "baseline": "q8_0",
  "states": [
    "f16",
    "q8_0",
    "q4_0",
    "q8_0/q4_0",
    "q4_0/q8_0"
  ],
  "models": [
    {
      "label": "Qwen3.6-35B IQ4_XS",
      "hf_file": "Qwen3.6-35B-A3B-UD-IQ4_XS.gguf",
      "byState": {
        "f16": {
          "pp512@d0": {
            "avg": 2267.213082,
            "sd": 28.37044
          },
          "tg128@d0": {
            "avg": 88.744218,
            "sd": 0.88216
          },
          "pp512@d16384": {
            "avg": 490.005155,
            "sd": 0.590649
          },
          "tg128@d16384": {
            "avg": 81.583347,
            "sd": 0.348989
          }
        },
        "q8_0": {
          "pp512@d0": {
            "avg": 2277.267662,
            "sd": 22.518084
          },
          "tg128@d0": {
            "avg": 85.330812,
            "sd": 0.894421
          },
          "pp512@d16384": {
            "avg": 489.213867,
            "sd": 0.146449
          },
          "tg128@d16384": {
            "avg": 76.881244,
            "sd": 0.304952
          }
        },
        "q4_0": {
          "pp512@d0": {
            "avg": 2260.374961,
            "sd": 29.565853
          },
          "tg128@d0": {
            "avg": 84.028842,
            "sd": 0.843032
          },
          "pp512@d16384": {
            "avg": 490.055697,
            "sd": 0.496552
          },
          "tg128@d16384": {
            "avg": 65.763422,
            "sd": 0.25094
          }
        },
        "q8_0/q4_0": {
          "pp512@d0": {
            "avg": 1446.149177,
            "sd": 12.173489
          },
          "tg128@d0": {
            "avg": 81.670061,
            "sd": 0.922858
          },
          "pp512@d16384": {
            "avg": 74.113868,
            "sd": 0.215573
          },
          "tg128@d16384": {
            "avg": 31.950736,
            "sd": 0.03591
          }
        },
        "q4_0/q8_0": {
          "pp512@d0": {
            "avg": 1463.94152,
            "sd": 5.208953
          },
          "tg128@d0": {
            "avg": 81.570102,
            "sd": 0.884456
          },
          "pp512@d16384": {
            "avg": 75.180343,
            "sd": 0.258125
          },
          "tg128@d16384": {
            "avg": 32.133847,
            "sd": 0.054906
          }
        }
      }
    },
    {
      "label": "Gemma4-12B Q5_K_M",
      "hf_file": "gemma-4-12b-it-Q5_K_M.gguf",
      "byState": {
        "f16": {
          "pp512@d0": {
            "avg": 1380.021143,
            "sd": 35.550143
          },
          "tg128@d0": {
            "avg": 52.175233,
            "sd": 0.068901
          },
          "pp512@d16384": {
            "avg": 722.893774,
            "sd": 9.470682
          },
          "tg128@d16384": {
            "avg": 49.085418,
            "sd": 0.075372
          }
        },
        "q8_0": {
          "pp512@d0": {
            "avg": 1365.138832,
            "sd": 50.999802
          },
          "tg128@d0": {
            "avg": 47.189211,
            "sd": 0.067863
          },
          "pp512@d16384": {
            "avg": 718.544896,
            "sd": 9.659202
          },
          "tg128@d16384": {
            "avg": 44.03092,
            "sd": 0.093578
          }
        },
        "q4_0": {
          "pp512@d0": {
            "avg": 1366.054353,
            "sd": 52.970435
          },
          "tg128@d0": {
            "avg": 45.318203,
            "sd": 0.060754
          },
          "pp512@d16384": {
            "avg": 720.204559,
            "sd": 8.719848
          },
          "tg128@d16384": {
            "avg": 41.630813,
            "sd": 0.081943
          }
        },
        "q8_0/q4_0": {
          "pp512@d0": {
            "avg": 410.5975,
            "sd": 7.546232
          },
          "tg128@d0": {
            "avg": 39.568175,
            "sd": 0.102794
          },
          "pp512@d16384": {
            "avg": 42.6685,
            "sd": 0.16685
          },
          "tg128@d16384": {
            "avg": 16.221208,
            "sd": 0.031248
          }
        },
        "q4_0/q8_0": {
          "pp512@d0": {
            "avg": 388.060305,
            "sd": 3.177718
          },
          "tg128@d0": {
            "avg": 39.402153,
            "sd": 0.235477
          },
          "pp512@d16384": {
            "avg": 43.079904,
            "sd": 0.391286
          },
          "tg128@d16384": {
            "avg": 15.236066,
            "sd": 0.07107
          }
        }
      }
    }
  ]
}