{
  "host": "llm2",
  "backend": "vulkan",
  "vulkan_int_dot": "off",
  "reps": 2,
  "p": "512",
  "n": "128",
  "depth": "0,16384",
  "baseline": "q8_0",
  "states": [
    "f16",
    "q8_0",
    "q4_0",
    "q8_0/q4_0",
    "q4_0/q8_0"
  ],
  "models": [
    {
      "label": "Qwen3-30B-2507 Q4_K_XL",
      "hf_file": "Qwen3-30B-A3B-Instruct-2507-UD-Q4_K_XL.gguf",
      "byState": {
        "f16": {
          "pp512@d0": {
            "avg": 2389.086613,
            "sd": 60.595556
          },
          "tg128@d0": {
            "avg": 201.485814,
            "sd": 0.00967
          },
          "pp512@d16384": {
            "avg": 984.833967,
            "sd": 13.222857
          },
          "tg128@d16384": {
            "avg": 129.765986,
            "sd": 0.324116
          }
        },
        "q8_0": {
          "pp512@d0": {
            "avg": 2331.374786,
            "sd": 53.532508
          },
          "tg128@d0": {
            "avg": 180.165913,
            "sd": 0.61144
          },
          "pp512@d16384": {
            "avg": 722.190687,
            "sd": 8.653742
          },
          "tg128@d16384": {
            "avg": 117.066835,
            "sd": 0.263931
          }
        },
        "q4_0": {
          "pp512@d0": {
            "avg": 2326.424756,
            "sd": 42.493522
          },
          "tg128@d0": {
            "avg": 180.292949,
            "sd": 0.70753
          },
          "pp512@d16384": {
            "avg": 720.582974,
            "sd": 6.138653
          },
          "tg128@d16384": {
            "avg": 118.179969,
            "sd": 0.233058
          }
        },
        "q8_0/q4_0": {
          "pp512@d0": {
            "avg": 2328.973662,
            "sd": 39.283074
          },
          "tg128@d0": {
            "avg": 176.851766,
            "sd": 0.873272
          },
          "pp512@d16384": {
            "avg": 722.74917,
            "sd": 8.317391
          },
          "tg128@d16384": {
            "avg": 115.805768,
            "sd": 0.21256
          }
        },
        "q4_0/q8_0": {
          "pp512@d0": {
            "avg": 2332.689509,
            "sd": 34.141882
          },
          "tg128@d0": {
            "avg": 176.651071,
            "sd": 1.155416
          },
          "pp512@d16384": {
            "avg": 725.840098,
            "sd": 7.49239
          },
          "tg128@d16384": {
            "avg": 116.608572,
            "sd": 0.121725
          }
        }
      }
    },
    {
      "label": "Qwen3.6-35B IQ4_XS",
      "hf_file": "Qwen3.6-35B-A3B-UD-IQ4_XS.gguf",
      "byState": {
        "f16": {
          "pp512@d0": {
            "avg": 2217.139262,
            "sd": 11.777199
          },
          "tg128@d0": {
            "avg": 43.181673,
            "sd": 0.011546
          },
          "pp512@d16384": {
            "avg": 1684.497911,
            "sd": 0.012838
          },
          "tg128@d16384": {
            "avg": 107.4978,
            "sd": 0.446052
          }
        },
        "q8_0": {
          "pp512@d0": {
            "avg": 2189.300131,
            "sd": 0.123626
          },
          "tg128@d0": {
            "avg": 42.946772,
            "sd": 0.020403
          },
          "pp512@d16384": {
            "avg": 1179.535728,
            "sd": 8.604799
          },
          "tg128@d16384": {
            "avg": 62.964641,
            "sd": 0.053461
          }
        },
        "q4_0": {
          "pp512@d0": {
            "avg": 2179.016859,
            "sd": 7.375838
          },
          "tg128@d0": {
            "avg": 42.920906,
            "sd": 0.024209
          },
          "pp512@d16384": {
            "avg": 1430.992299,
            "sd": 11.006843
          },
          "tg128@d16384": {
            "avg": 79.352929,
            "sd": 0.169951
          }
        },
        "q8_0/q4_0": {
          "pp512@d0": {
            "avg": 2190.749423,
            "sd": 20.833387
          },
          "tg128@d0": {
            "avg": 42.859957,
            "sd": 0.012205
          },
          "pp512@d16384": {
            "avg": 1179.163645,
            "sd": 8.598758
          },
          "tg128@d16384": {
            "avg": 70.0583,
            "sd": 0.102203
          }
        },
        "q4_0/q8_0": {
          "pp512@d0": {
            "avg": 2194.743062,
            "sd": 8.95382
          },
          "tg128@d0": {
            "avg": 42.901951,
            "sd": 0.016198
          },
          "pp512@d16384": {
            "avg": 1273.496626,
            "sd": 4.046182
          },
          "tg128@d16384": {
            "avg": 70.305055,
            "sd": 0.095754
          }
        }
      }
    },
    {
      "label": "Gemma4-12B Q5_K_M",
      "hf_file": "gemma-4-12b-it-Q5_K_M.gguf",
      "byState": {
        "f16": {
          "pp512@d0": {
            "avg": 1414.602305,
            "sd": 1.791811
          },
          "tg128@d0": {
            "avg": 55.247881,
            "sd": 0.01885
          },
          "pp512@d16384": {
            "avg": 996.664812,
            "sd": 1.777868
          },
          "tg128@d16384": {
            "avg": 54.112312,
            "sd": 0.034312
          }
        },
        "q8_0": {
          "pp512@d0": {
            "avg": 1370.25048,
            "sd": 2.428231
          },
          "tg128@d0": {
            "avg": 55.624172,
            "sd": 0.000238
          },
          "pp512@d16384": {
            "avg": 680.066935,
            "sd": 0.748038
          },
          "tg128@d16384": {
            "avg": 37.838539,
            "sd": 0.001041
          }
        },
        "q4_0": {
          "pp512@d0": {
            "avg": 1367.630212,
            "sd": 2.18329
          },
          "tg128@d0": {
            "avg": 55.569434,
            "sd": 0.089865
          },
          "pp512@d16384": {
            "avg": 876.040277,
            "sd": 0.542351
          },
          "tg128@d16384": {
            "avg": 43.32507,
            "sd": 0.015653
          }
        },
        "q8_0/q4_0": {
          "pp512@d0": {
            "avg": 1371.838457,
            "sd": 1.833203
          },
          "tg128@d0": {
            "avg": 55.72246,
            "sd": 0.01619
          },
          "pp512@d16384": {
            "avg": 706.196577,
            "sd": 3.312324
          },
          "tg128@d16384": {
            "avg": 34.961602,
            "sd": 0.004876
          }
        },
        "q4_0/q8_0": {
          "pp512@d0": {
            "avg": 1372.107859,
            "sd": 2.800795
          },
          "tg128@d0": {
            "avg": 55.680953,
            "sd": 0.025753
          },
          "pp512@d16384": {
            "avg": 759.845906,
            "sd": 2.118015
          },
          "tg128@d16384": {
            "avg": 35.317922,
            "sd": 0.020938
          }
        }
      }
    },
    {
      "label": "LFM2.5-8B Q5_K_M",
      "hf_file": "LFM2.5-8B-A1B-Q5_K_M.gguf",
      "byState": {
        "f16": {
          "pp512@d0": {
            "avg": 5941.380512,
            "sd": 95.900189
          },
          "tg128@d0": {
            "avg": 330.618708,
            "sd": 0.604413
          },
          "pp512@d16384": {
            "avg": 4112.570605,
            "sd": 24.712176
          },
          "tg128@d16384": {
            "avg": 266.090116,
            "sd": 1.604045
          }
        },
        "q8_0": {
          "pp512@d0": {
            "avg": 5884.85565,
            "sd": 160.894096
          },
          "tg128@d0": {
            "avg": 320.90512,
            "sd": 0.202263
          },
          "pp512@d16384": {
            "avg": 3870.166162,
            "sd": 48.893307
          },
          "tg128@d16384": {
            "avg": 265.593206,
            "sd": 2.604184
          }
        },
        "q4_0": {
          "pp512@d0": {
            "avg": 5841.101253,
            "sd": 102.025158
          },